,20-mer,NZ_CP007136.1,NZ_CP007133.1
0,AGCTTTTCATTCTGACTGCA,1,1
0,TCTGACTGCAACGGGCAATA,1,1
0,ACGGGCAATATGTCTCTGTG,1,1
0,TGTCTCTGTGTGGATTAAAA,1,1
0,TGGATTAAAAAAAGAGTCTC,1,1
0,AAAGAGTCTCTGACAGCAGC,1,1
0,TGACAGCAGCTTCTGAACTG,1,1
0,TTCTGAACTGGTTACCTGCC,1,1
0,GTTACCTGCCGTGAGTAAAT,1,1
0,GTGAGTAAATTAAAATTTTA,1,1
0,TAAAATTTTATTGACTTAGG,1,1
0,TTGACTTAGGTCACTAAATA,1,1
0,TCACTAAATACTTTAACCAA,1,1
0,CTTTAACCAATATAGGCATA,1,1
0,TATAGGCATAGCGCACAGAC,1,1
0,GCGCACAGACAGATAAAAAT,1,1
0,AGATAAAAATTACAGAGTAC,1,1
0,TACAGAGTACACAACATCCA,1,1
0,ACAACATCCATGAAACGCAT,1,1
0,TGAAACGCATTAGCACCACC,1,1
0,TAGCACCACCATTACCACCA,1,1
0,ATTACCACCACCATCACCAT,1,1
0,CCATCACCATTACCACAGGT,1,1
0,TACCACAGGTAACGGTGCGG,1,1
0,AACGGTGCGGGCTGACGCGT,1,1
0,GCTGACGCGTACAGGAAACA,1,1
0,ACAGGAAACACAGAAAAAAG,1,1
0,CAGAAAAAAGCCCGCACCTG,1,1
0,CCCGCACCTGACAGTGCGGG,1,1
0,ACAGTGCGGGCTTTTTTTTC,1,1
0,CTTTTTTTTCGACCAAAGGT,1,1
0,GACCAAAGGTAACGAGGTAA,0,1
0,AACGAGGTAACAACCATGCG,0,1
0,CAACCATGCGAGTGTTGAAG,0,1
0,AGTGTTGAAGTTCGGCGGTA,0,1
0,TTCGGCGGTACATCAGTAGC,0,1
0,CATCAGTAGCAAATGCAGAA,0,1
0,AAATGCAGAACGTTTTCTGC,0,1
0,CGTTTTCTGCGGGTTGCCGA,0,1
