20-mer,NZ_CP007136.1,NZ_CP007133.1
AGCTTTTCATTCTGACTGCA,1,1
TCTGACTGCAACGGGCAATA,1,1
ACGGGCAATATGTCTCTGTG,1,1
TGTCTCTGTGTGGATTAAAA,1,1
TGGATTAAAAAAAGAGTCTC,1,1
AAAGAGTCTCTGACAGCAGC,1,1
TGACAGCAGCTTCTGAACTG,1,1
TTCTGAACTGGTTACCTGCC,1,1
GTTACCTGCCGTGAGTAAAT,1,1
GTGAGTAAATTAAAATTTTA,1,1
TAAAATTTTATTGACTTAGG,1,1
TTGACTTAGGTCACTAAATA,1,1
TCACTAAATACTTTAACCAA,1,1
CTTTAACCAATATAGGCATA,1,1
TATAGGCATAGCGCACAGAC,1,1
GCGCACAGACAGATAAAAAT,1,1
AGATAAAAATTACAGAGTAC,1,1
TACAGAGTACACAACATCCA,1,1
ACAACATCCATGAAACGCAT,1,1
TGAAACGCATTAGCACCACC,1,1
TAGCACCACCATTACCACCA,1,1
ATTACCACCACCATCACCAT,1,1
CCATCACCATTACCACAGGT,1,1
TACCACAGGTAACGGTGCGG,1,1
AACGGTGCGGGCTGACGCGT,1,1
GCTGACGCGTACAGGAAACA,1,1
ACAGGAAACACAGAAAAAAG,1,1
CAGAAAAAAGCCCGCACCTG,1,1
CCCGCACCTGACAGTGCGGG,1,1
ACAGTGCGGGCTTTTTTTTC,1,1
CTTTTTTTTCGACCAAAGGT,1,1
GACCAAAGGTAACGAGGTAA,0,1
AACGAGGTAACAACCATGCG,0,1
CAACCATGCGAGTGTTGAAG,0,1
AGTGTTGAAGTTCGGCGGTA,0,1
TTCGGCGGTACATCAGTAGC,0,1
CATCAGTAGCAAATGCAGAA,0,1
AAATGCAGAACGTTTTCTGC,0,1
CGTTTTCTGCGGGTTGCCGA,0,1
